taxon	sequenceID	name	subgenus	isolate	orientation	country	sample_date
alignment/AL_BLV/member/ncbi-curated-blv/AB934282	AB934282	-	-	-	-	Japan: Miyazaki	-
alignment/AL_BLV/member/ncbi-curated-blv/AB934283	AB934283	-	-	-	-	Japan: Miyazaki	-
alignment/AL_BLV/member/ncbi-curated-blv/AB987702	AB987702	-	-	JOTK	-	Japan	-
alignment/AL_BLV/member/ncbi-curated-blv/AF033818	AF033818	-	-	-	-	-	-
alignment/AL_BLV/member/ncbi-curated-blv/AF257515	AF257515	-	-	B19	-	Argentina	-
alignment/AL_BLV/member/ncbi-curated-blv/AP018006	AP018006	-	-	cow AF060	-	Japan	-
alignment/AL_BLV/member/ncbi-curated-blv/AP018007	AP018007	-	-	cow AF076	-	Japan	-
alignment/AL_BLV/member/ncbi-curated-blv/AP018008	AP018008	-	-	cow AF193	-	Japan	-
alignment/AL_BLV/member/ncbi-curated-blv/AP018009	AP018009	-	-	cow AF245	-	Japan	-
alignment/AL_BLV/member/ncbi-curated-blv/AP018010	AP018010	-	-	cow AF266	-	Japan	-
alignment/AL_BLV/member/ncbi-curated-blv/AP018011	AP018011	-	-	cow AF293	-	Japan	-
alignment/AL_BLV/member/ncbi-curated-blv/AP018012	AP018012	-	-	cow AF438	-	Japan	-
alignment/AL_BLV/member/ncbi-curated-blv/AP018013	AP018013	-	-	cow AF481	-	Japan	-
alignment/AL_BLV/member/ncbi-curated-blv/AP018014	AP018014	-	-	cow AF513	-	Japan	-
alignment/AL_BLV/member/ncbi-curated-blv/AP018015	AP018015	-	-	cow AF746	-	Japan	-
alignment/AL_BLV/member/ncbi-curated-blv/AP018016	AP018016	-	-	cow AF784	-	Japan	-
alignment/AL_BLV/member/ncbi-curated-blv/AP018017	AP018017	-	-	cow AF805	-	Japan	-
alignment/AL_BLV/member/ncbi-curated-blv/AP018018	AP018018	-	-	cow AF902	-	Japan	-
alignment/AL_BLV/member/ncbi-curated-blv/AP018019	AP018019	-	-	cow AF982	-	Japan	-
alignment/AL_BLV/member/ncbi-curated-blv/AP018020	AP018020	-	-	cow AK001	-	Japan	-
alignment/AL_BLV/member/ncbi-curated-blv/AP018021	AP018021	-	-	cow AK006	-	Japan	-
alignment/AL_BLV/member/ncbi-curated-blv/AP018022	AP018022	-	-	cow AK007	-	Japan	-
alignment/AL_BLV/member/ncbi-curated-blv/AP018023	AP018023	-	-	cow AK011	-	Japan	-
alignment/AL_BLV/member/ncbi-curated-blv/AP018024	AP018024	-	-	cow AN003	-	Japan	-
alignment/AL_BLV/member/ncbi-curated-blv/AP018025	AP018025	-	-	cow AN004	-	Japan	-
alignment/AL_BLV/member/ncbi-curated-blv/AP018026	AP018026	-	-	cow AN006	-	Japan	-
alignment/AL_BLV/member/ncbi-curated-blv/AP018027	AP018027	-	-	cow AN008	-	Japan	-
alignment/AL_BLV/member/ncbi-curated-blv/AP018028	AP018028	-	-	cow AN009	-	Japan	-
alignment/AL_BLV/member/ncbi-curated-blv/AP018029	AP018029	-	-	cow AN011	-	Japan	-
alignment/AL_BLV/member/ncbi-curated-blv/AP018030	AP018030	-	-	cow AN013	-	Japan	-
alignment/AL_BLV/member/ncbi-curated-blv/AP018031	AP018031	-	-	cow AN014	-	Japan	-
alignment/AL_BLV/member/ncbi-curated-blv/AP018032	AP018032	-	-	cow AN015	-	Japan	-
alignment/AL_BLV/member/ncbi-curated-blv/AP019565	AP019565	-	-	-	-	Japan	-
alignment/AL_BLV/member/ncbi-curated-blv/AP019566	AP019566	-	-	-	-	Japan	-
alignment/AL_BLV/member/ncbi-curated-blv/AP019567	AP019567	-	-	-	-	Japan	-
alignment/AL_BLV/member/ncbi-curated-blv/AP019568	AP019568	-	-	-	-	Japan	-
alignment/AL_BLV/member/ncbi-curated-blv/AP019569	AP019569	-	-	-	-	Japan	-
alignment/AL_BLV/member/ncbi-curated-blv/AP019570	AP019570	-	-	-	-	Japan	-
alignment/AL_BLV/member/ncbi-curated-blv/AP019571	AP019571	-	-	-	-	Japan	-
alignment/AL_BLV/member/ncbi-curated-blv/AP019572	AP019572	-	-	-	-	Japan	-
alignment/AL_BLV/member/ncbi-curated-blv/AP019573	AP019573	-	-	-	-	Japan	-
alignment/AL_BLV/member/ncbi-curated-blv/AP019574	AP019574	-	-	-	-	Japan	-
alignment/AL_BLV/member/ncbi-curated-blv/AP019575	AP019575	-	-	-	-	Japan	-
alignment/AL_BLV/member/ncbi-curated-blv/AP019576	AP019576	-	-	-	-	Japan	-
alignment/AL_BLV/member/ncbi-curated-blv/AP019577	AP019577	-	-	-	-	Japan	-
alignment/AL_BLV/member/ncbi-curated-blv/AP019578	AP019578	-	-	-	-	Japan	-
alignment/AL_BLV/member/ncbi-curated-blv/AP019579	AP019579	-	-	-	-	Japan	-
alignment/AL_BLV/member/ncbi-curated-blv/AP019580	AP019580	-	-	-	-	Japan	-
alignment/AL_BLV/member/ncbi-curated-blv/AP019581	AP019581	-	-	-	-	Japan	-
alignment/AL_BLV/member/ncbi-curated-blv/AP019582	AP019582	-	-	-	-	Japan	-
alignment/AL_BLV/member/ncbi-curated-blv/AP019583	AP019583	-	-	-	-	Japan	-
alignment/AL_BLV/member/ncbi-curated-blv/AP019584	AP019584	-	-	-	-	Japan	-
alignment/AL_BLV/member/ncbi-curated-blv/AP019585	AP019585	-	-	-	-	Japan	-
alignment/AL_BLV/member/ncbi-curated-blv/AP019586	AP019586	-	-	-	-	Japan	-
alignment/AL_BLV/member/ncbi-curated-blv/AP019587	AP019587	-	-	-	-	Japan	-
alignment/AL_BLV/member/ncbi-curated-blv/AP019588	AP019588	-	-	-	-	Japan	-
alignment/AL_BLV/member/ncbi-curated-blv/AP019589	AP019589	-	-	-	-	Japan	-
alignment/AL_BLV/member/ncbi-curated-blv/AP019590	AP019590	-	-	-	-	Japan	-
alignment/AL_BLV/member/ncbi-curated-blv/AP019591	AP019591	-	-	-	-	Japan	-
alignment/AL_BLV/member/ncbi-curated-blv/AP019592	AP019592	-	-	-	-	Japan	-
alignment/AL_BLV/member/ncbi-curated-blv/AP019593	AP019593	-	-	-	-	Japan	-
alignment/AL_BLV/member/ncbi-curated-blv/AP019594	AP019594	-	-	-	-	Japan	-
alignment/AL_BLV/member/ncbi-curated-blv/AP019595	AP019595	-	-	-	-	Japan	-
alignment/AL_BLV/member/ncbi-curated-blv/AP019596	AP019596	-	-	-	-	Japan	-
alignment/AL_BLV/member/ncbi-curated-blv/AP019597	AP019597	-	-	-	-	Japan	-
alignment/AL_BLV/member/ncbi-curated-blv/AP019598	AP019598	-	-	-	-	Japan	-
alignment/AL_BLV/member/ncbi-curated-blv/AY277948	AY277948	-	-	384	-	Brazil: Pedro Leopoldo, Minas Gerais State	-
alignment/AL_BLV/member/ncbi-curated-blv/AY589727	AY589727	-	-	30	-	-	-
alignment/AL_BLV/member/ncbi-curated-blv/D00647	D00647	-	-	Australian isolate	-	-	-
alignment/AL_BLV/member/ncbi-curated-blv/EF600696	EF600696	-	-	-	-	-	-
alignment/AL_BLV/member/ncbi-curated-blv/FJ914764	FJ914764	-	-	-	-	Argentina	-
alignment/AL_BLV/member/ncbi-curated-blv/HE967301	HE967301	-	-	LS1	-	Uruguay	-
alignment/AL_BLV/member/ncbi-curated-blv/HE967302	HE967302	-	-	LS2	-	Uruguay	-
alignment/AL_BLV/member/ncbi-curated-blv/HE967303	HE967303	-	-	LS3	-	Uruguay	-
alignment/AL_BLV/member/ncbi-refseqs/K02120	K02120	BLV	Ungulate	-	Bos taurus	-	-
alignment/AL_BLV/member/ncbi-curated-blv/KF154971	KF154971	-	-	-	-	Argentina	-
alignment/AL_BLV/member/ncbi-curated-blv/KT122858	KT122858	-	-	YR2	-	Belgium	-
alignment/AL_BLV/member/ncbi-curated-blv/LC005615	LC005615	-	-	-	-	Japan	-
alignment/AL_BLV/member/ncbi-curated-blv/LC005616	LC005616	-	-	-	-	Japan	-
alignment/AL_BLV/member/ncbi-curated-blv/LC057268	LC057268	-	-	-	-	Japan	-
alignment/AL_BLV/member/ncbi-curated-blv/LC080651	LC080651	-	-	-	-	Paraguay	-
alignment/AL_BLV/member/ncbi-curated-blv/LC080652	LC080652	-	-	-	-	Paraguay	-
alignment/AL_BLV/member/ncbi-curated-blv/LC080653	LC080653	-	-	-	-	Paraguay	-
alignment/AL_BLV/member/ncbi-curated-blv/LC080654	LC080654	-	-	-	-	Peru	-
alignment/AL_BLV/member/ncbi-curated-blv/LC080655	LC080655	-	-	-	-	Paraguay	-
alignment/AL_BLV/member/ncbi-curated-blv/LC080656	LC080656	-	-	-	-	Paraguay	-
alignment/AL_BLV/member/ncbi-curated-blv/LC080657	LC080657	-	-	-	-	Paraguay	-
alignment/AL_BLV/member/ncbi-curated-blv/LC080658	LC080658	-	-	-	-	Paraguay	-
alignment/AL_BLV/member/ncbi-curated-blv/LC080659	LC080659	-	-	-	-	Bolivia	-
alignment/AL_BLV/member/ncbi-curated-blv/LC080660	LC080660	-	-	-	-	Bolivia	-
alignment/AL_BLV/member/ncbi-curated-blv/LC080661	LC080661	-	-	-	-	Bolivia	-
alignment/AL_BLV/member/ncbi-curated-blv/LC080662	LC080662	-	-	-	-	Bolivia	-
alignment/AL_BLV/member/ncbi-curated-blv/LC080663	LC080663	-	-	-	-	Bolivia	-
alignment/AL_BLV/member/ncbi-curated-blv/LC080664	LC080664	-	-	-	-	Bolivia	-
alignment/AL_BLV/member/ncbi-curated-blv/LC080665	LC080665	-	-	-	-	Bolivia	-
alignment/AL_BLV/member/ncbi-curated-blv/LC080666	LC080666	-	-	-	-	Bolivia	-
alignment/AL_BLV/member/ncbi-curated-blv/LC080667	LC080667	-	-	-	-	Bolivia	-
alignment/AL_BLV/member/ncbi-curated-blv/LC080668	LC080668	-	-	-	-	Bolivia	-
alignment/AL_BLV/member/ncbi-curated-blv/LC080669	LC080669	-	-	-	-	Bolivia	-
alignment/AL_BLV/member/ncbi-curated-blv/LC080670	LC080670	-	-	-	-	Bolivia	-
alignment/AL_BLV/member/ncbi-curated-blv/LC080671	LC080671	-	-	-	-	Bolivia	-
alignment/AL_BLV/member/ncbi-curated-blv/LC080672	LC080672	-	-	-	-	Bolivia	-
alignment/AL_BLV/member/ncbi-curated-blv/LC080673	LC080673	-	-	-	-	Bolivia	-
alignment/AL_BLV/member/ncbi-curated-blv/LC080674	LC080674	-	-	-	-	Bolivia	-
alignment/AL_BLV/member/ncbi-curated-blv/LC080675	LC080675	-	-	-	-	Bolivia	-
alignment/AL_BLV/member/ncbi-curated-blv/LC154848	LC154848	-	-	-	-	Myanmar	-
alignment/AL_BLV/member/ncbi-curated-blv/LC154849	LC154849	-	-	-	-	Myanmar	-
alignment/AL_BLV/member/ncbi-curated-blv/LC164083	LC164083	-	-	-	-	-	-
alignment/AL_BLV/member/ncbi-curated-blv/LC164084	LC164084	-	-	-	-	Japan	-
alignment/AL_BLV/member/ncbi-curated-blv/LC164085	LC164085	-	-	-	-	Japan	-
alignment/AL_BLV/member/ncbi-curated-blv/LC164086	LC164086	-	-	-	-	Japan	-
alignment/AL_BLV/member/ncbi-curated-blv/LC193727	LC193727	-	-	-	-	Iran	-
alignment/AL_BLV/member/ncbi-curated-blv/LC433846	LC433846	-	-	-	-	-	-
alignment/AL_BLV/member/ncbi-curated-blv/LC436098	LC436098	-	-	-	-	-	-
alignment/AL_BLV/member/ncbi-curated-blv/M10987	M10987	-	-	-	-	-	-
alignment/AL_BLV/member/ncbi-curated-blv/MF580990	MF580990	-	-	-	-	China	-
alignment/AL_BLV/member/ncbi-curated-blv/MF580991	MF580991	-	-	-	-	China	-
alignment/AL_BLV/member/ncbi-curated-blv/MF580992	MF580992	-	-	-	-	China	-
alignment/AL_BLV/member/ncbi-curated-blv/MF580993	MF580993	-	-	-	-	China	-
alignment/AL_BLV/member/ncbi-curated-blv/MF580994	MF580994	-	-	-	-	China	-
alignment/AL_BLV/member/ncbi-curated-blv/MF580995	MF580995	-	-	-	-	China	-
alignment/AL_BLV/member/ncbi-curated-blv/MG800834	MG800834	-	-	CHI-DQ	-	China	-
alignment/AL_BLV/member/ncbi-curated-blv/MG800835	MG800835	-	-	G221	-	China	-
alignment/AL_BLV/member/ncbi-curated-blv/MG800836	MG800836	-	-	G225	-	China	-
alignment/AL_BLV/member/ncbi-curated-blv/MG800837	MG800837	-	-	G235	-	China	-
alignment/AL_BLV/member/ncbi-curated-blv/MH170027	MH170027	-	-	V50F13	-	Viet Nam	-
alignment/AL_BLV/member/ncbi-curated-blv/MH170028	MH170028	-	-	S6F15	-	Viet Nam	-
alignment/AL_BLV/member/ncbi-curated-blv/MH170029	MH170029	-	-	S9F16	-	Viet Nam	-
alignment/AL_BLV/member/ncbi-curated-blv/MH170030	MH170030	-	-	S38F21	-	Viet Nam	-
alignment/AL_BLV/member/ncbi-curated-blv/MN966696	MN966696	-	-	Afrivet:K1170	-	South Africa: Port Elizabeth	-
alignment/AL_BLV/member/ncbi-curated-blv/MN966697	MN966697	-	-	Afrivet:K1194	-	South Africa: Port Elizabeth	-
alignment/AL_BLV/member/ncbi-curated-blv/MN966698	MN966698	-	-	Afrivet:L3401	-	South Africa: Port Elizabeth	-
alignment/AL_BLV/member/ncbi-curated-blv/MN966699	MN966699	-	-	Afrivet:M1878	-	South Africa: Port Elizabeth	-
alignment/AL_BLV/member/ncbi-curated-blv/MN966700	MN966700	-	-	Afrivet:M2746	-	South Africa: Port Elizabeth	-
alignment/AL_BLV/member/ncbi-curated-blv/MN966701	MN966701	-	-	Afrivet:P2152	-	South Africa: Port Elizabeth	-
alignment/AL_BLV/member/ncbi-curated-blv/MN966702	MN966702	-	-	Afrivet:P2677	-	South Africa: Port Elizabeth	-
alignment/AL_BLV/member/ncbi-curated-blv/MN966703	MN966703	-	-	Afrivet:P591	-	South Africa: Port Elizabeth	-
alignment/AL_BLV/member/ncbi-curated-blv/NC_001414	NC_001414	-	-	-	-	-	-
